Date,Price,CVol,Change,% Change,"Total Return (Gross, Unhedged)","Cumulative Return % (Gross, Unhedged)",Open,High,Low,Total Return
1999-01-29,820.552617435855,,23.269025159365,,548.836949240671,2.93954233032741,,820.552617435855,820.552617435855,
1999-02-26,826.399286894027,,5.84666945817195,0.007100017922549146,552.901374481123,3.70186358924923,,826.399286894027,826.399286894027,0.007100017922549107
1999-03-31,846.246709694175,,19.847422800148,0.023732881219001765,568.054943983566,6.54405836387301,,846.246709694175,846.246709694175,0.031001403023559693
1999-04-30,855.5219029727,,9.27519327852496,0.010900759426685084,575.989250723029,8.03221236953674,,855.5219029727,855.5219029727,0.042240101286494136
1999-05-28,855.5219029727,,-855.5219029727,0.0,,,,,,0.042240101286494136
1999-06-30,861.668904705004,,861.668904705004,0.007159400063415366,582.686606836433,9.28836462767253,,861.668904705004,861.668904705004,0.04970191513373878
1999-07-30,841.658855640906,,-20.0100490640979,-0.023496323035967662,569.49629417978,6.81439717714219,,841.658855640906,841.658855640906,0.02503777984428246
1999-08-31,851.250527911396,,9.59167227048999,0.011331705052119273,576.89539258311,8.20216781530645,,851.250527911396,851.250527911396,0.03665320563275709
1999-09-30,851.401743862561,,0.151215951164999,0.00017762399765287184,577.483200563767,8.31241674186043,,851.401743862561,851.401743862561,0.03683734011932138
1999-10-29,902.845752350663,,51.4440084881019,0.05866762031729003,612.491395915001,14.8785337138546,,902.845752350663,902.845752350663,0.09766611952023063
1999-11-30,979.838121517264,,76.9923691666009,0.08183565395660398,665.240289894613,24.7720859103762,,979.838121517264,979.838121517264,0.1874943442371766
1999-12-31,1085.03182738249,,105.193705865226,0.10197722364209824,737.272122840629,38.2823350416277,,1085.03182738249,1085.03182738249,0.30859172055317785
2000-01-31,1040.11482191342,,-44.91700546907,-0.04227820781026528,706.864052384396,32.579014847454,,1040.11482191342,1040.11482191342,0.25326680785283795
2000-02-29,1103.72982182583,,63.6149999124099,0.05936407855241998,750.785503296666,40.8168969026769,,1103.72982182583,1103.72982182583,0.3276658370813543
2000-03-31,1142.98917428744,,39.2593524616099,0.034951722155821804,779.008694226174,46.1104223502703,,1142.98917428744,1142.98917428744,0.3740700445347984
2000-04-28,1169.06207615705,,26.0729018696099,0.022554869557581753,799.671068057443,49.9858452943554,,1169.06207615705,1169.06207615705,0.40506201515226126
2000-05-31,1119.57498900859,,-49.4870871484599,-0.04325264382181264,767.98630819267,44.0430699694824,,1119.57498900859,1119.57498900859,0.34428936826332235
2000-06-30,1108.79785591798,,-10.7771330906098,-0.009672723433287088,761.226665419978,42.775235261378,,1108.79785591798,1108.79785591798,0.331286428989803
2000-07-31,1139.37193605992,,30.5740801419399,0.02720076155040127,782.946695866176,46.8490316714516,,1139.37193605992,1139.37193605992,0.36749843370003976
2000-08-31,1184.5879849424,,45.2160488824799,0.03891784479034759,815.331959714487,52.9231931203197,,1184.5879849424,1184.5879849424,0.42071852549382127
2000-09-29,1157.64349846904,,-26.94448647336,-0.02300855004278121,797.257095224707,49.5330819391486,,1157.64349846904,1157.64349846904,0.38802985220329034
2000-10-31,1188.97051991331,,31.32702144427,0.026701351330172523,819.318161622856,53.6708428560955,,1188.97051991331,1188.97051991331,0.4250921249437378
2000-11-30,1129.7052798625,,-59.26524005081,-0.05113103895855075,778.98860558327,46.1066545359687,,1129.7052798625,1129.7052798625,0.3522256839837157
2000-12-29,1106.67512984514,,-23.03015001736,-0.020596642743842576,763.862207576097,43.26955603136,,1106.67512984514,1106.67512984514,0.324374374661655
2001-01-31,1087.34481540324,,-19.3303144418998,-0.017621366362947463,750.614812200556,40.784882178927504,,1087.34481540324,1087.34481540324,0.30103708860404255
2001-02-28,1010.53787903093,,-76.8069363723101,-0.07325603272567452,698.077421463622,30.9309994088773,,1010.53787903093,1010.53787903093,0.20572827306394847
2001-03-30,965.126275025696,,-45.4116040052339,-0.04597907384785695,668.932676016731,25.464627726381,,965.126275025696,965.126275025696,0.1502900037562922
2001-04-30,1027.61612752948,,62.489852503784,0.06273801175044749,715.513278365395,34.2012586946065,,1027.61612752948,1027.61612752948,0.22245691152837677
2001-05-31,1038.76038340609,,11.14425587661,0.010786382700929733,725.167920456395,36.0120778087089,,1038.76038340609,1038.76038340609,0.23564279961151846
2001-06-29,997.321124669301,,-41.4392587367891,-0.04071053313469525,697.83425024785,30.8853903555982,,997.321124669301,997.321124669301,0.18533912247528606
2001-07-31,969.619316825556,,-27.7018078437449,-0.028169271458611943,678.688410410669,27.2944076546413,,969.619316825556,969.619316825556,0.1519489829637668
2001-08-31,907.613084853237,,-62.006231972319,-0.06608536780102695,636.055025002949,19.2981144241382,,907.613084853237,907.613084853237,0.07582201073658745
2001-09-28,832.101503363197,,-75.5115814900399,-0.0868637371696558,583.738204529146,9.48560168569725,,832.101503363197,832.101503363197,-0.01762790964536609
2001-10-31,872.981778586913,,40.880275223716,0.04796025082731708,612.856748234395,14.9470589846109,,872.981778586913,872.981778586913,0.029486902213798016
2001-11-30,910.738434102697,,37.756655515784,0.042341053055409285,639.466592951155,19.9379861450619,,910.738434102697,910.738434102697,0.07307646176028149
2001-12-31,947.495257390236,,36.7568232875389,0.0395661950539185,665.311522843558,24.785446321284,,947.495257390236,947.495257390236,0.11553401435405752
2002-01-31,946.4280024386,,-1.06725495163607,-0.0011270309491857413,664.672873706097,24.6656616566202,,946.4280024386,946.4280024386,0.11427677299501116
2002-02-28,961.174379708889,,14.746377270289,0.015460948419964536,675.782711952079,26.7494165240496,,961.174379708889,961.174379708889,0.13150454870785167
2002-03-28,961.174379708889,,-961.174379708889,0.0,,,,,,0.13150454870785167
2002-04-30,950.22110631961,,950.22110631961,-0.011461148013594883,672.670070039552,26.1656111983385,,950.22110631961,950.22110631961,0.11853620759705508
2002-05-31,894.4401031229,,-55.78100319671,-0.060496761595153034,635.455600832012,19.1856867716207,,894.4401031229,894.4401031229,0.05086838931050952
2002-06-28,836.311460602409,,-58.1286425204909,-0.06719683518273699,596.485114529905,11.8764047892773,,836.311460602409,836.311460602409,-0.01974664064473708
2002-07-31,757.163155849322,,-79.148304753087,-0.09942234449261686,540.642689823945,1.40263175012547,,757.163155849322,757.163155849322,-0.11720572782860106
2002-08-30,755.32328370898,,-1.83987214034209,-0.0024329117931204975,540.271919001477,1.33309018805117,,755.32328370898,755.32328370898,-0.11935348842426607
2002-09-30,710.417992971672,,-44.9052907373079,-0.06129232864314882,509.126952600332,-4.50844178544831,,710.417992971672,710.417992971672,-0.1733303638302085
2002-10-31,744.744470442364,,34.326477470692,0.04718764754772641,534.146527337965,0.184215252957418,,744.744470442364,744.744470442364,-0.13432176840022114
2002-11-29,754.208022848471,,9.46355240610705,0.012627055479333793,541.193533522124,1.50594767713173,,754.208022848471,754.208022848471,-0.1233908013425592
2002-12-31,708.991168864446,,-45.216853984025,-0.061825151636495386,509.180415452295,-4.49841432370333,,708.991168864446,708.991168864446,-0.1775872979755022
2003-01-31,657.171789767703,,-51.8193790967429,-0.07589761033208905,472.206074376541,-11.433300456223,,657.171789767703,657.171789767703,-0.24000645676591803
2003-02-28,629.098772674946,,-28.073017092757,-0.04365718470800426,452.692329472284,-15.0932872198221,,629.098772674946,629.098772674946,-0.273185635259779
2003-03-31,617.595019386675,,-11.503753288271,-0.018455341438575294,446.331489266405,-16.2863227480157,,617.595019386675,617.595019386675,-0.286599242523521
2003-04-30,666.862756782131,,49.267737395456,0.07675132858443198,485.436722772979,-8.95176765755283,,666.862756782131,666.862756782131,-0.23184478657406116
2003-05-30,671.871899249512,,5.00914246738102,0.007483433436984857,491.436775676349,-7.82640118817576,,671.871899249512,671.871899249512,-0.22609634816511526
2003-06-30,682.353928795141,,10.4820295456289,0.015480784174497499,499.939693206316,-6.23159886989471,,682.353928795141,682.353928795141,-0.21411571275920394
2003-07-31,688.900175666857,,6.54624687171599,0.009547897185899096,505.255833593639,-5.23450663841882,,688.900175666857,688.900175666857,-0.2066121703846152
2003-08-29,712.928226479678,,24.0280508128209,0.034284373628168156,524.021634171559,-1.714803882207,,712.928226479678,712.928226479678,-0.17941136560203996
2003-09-30,691.648559761149,,-21.2796667185289,-0.030302786228006938,509.524282127745,-4.43391888795971,,691.648559761149,691.648559761149,-0.20427748757133346
2003-10-31,728.012793773276,,36.3642340121269,0.05124065691121542,537.09008377687,0.736307004548816,,728.012793773276,728.012793773276,-0.16350414331544583
2003-11-28,733.603422002017,,5.59062822874102,0.0076499636948611045,541.563021971449,1.57524871803737,,733.603422002017,733.603422002017,-0.15710498038090726
2003-12-31,749.144573588833,,15.541151586816,0.02096340143729748,553.119468183139,3.74276911848104,,749.144573588833,749.144573588833,-0.13943503371513344
2004-01-30,759.862564019945,,10.7179904311119,0.014205593072750239,561.234895644888,5.26489402257724,,759.862564019945,759.862564019945,-0.12721019799142552
2004-02-27,787.501875158793,,27.639311138848,0.03572817173940969,582.770374096876,9.30407596683108,,787.501875158793,787.501875158793,-0.09602701405285774
2004-03-31,775.068836087329,,-12.433039071464,-0.015913905684115135,576.510559417703,8.12998872828373,,775.068836087329,775.068836087329,-0.11041275489220848
2004-04-30,777.072860376309,,2.00402428897996,0.0025822712026048666,580.104773256662,8.80411740735983,,777.072860376309,777.072860376309,-0.10811559936696202
2004-05-28,777.072860376309,,-777.072860376309,0.0,,,,,,-0.10811559936696202
2004-06-30,790.989091365922,,790.989091365922,0.01775005936241208,594.955207366127,11.5894562821385,,790.989091365922,790.989091365922,-0.0922845983113163
2004-07-30,770.824545944815,,-20.164545421107,-0.025823395933761262,580.139742775896,8.81067627026153,,770.824545944815,770.824545944815,-0.1157248925242963
2004-08-31,764.265310603493,,-6.55923534132193,-0.00854578672637768,576.899398801329,8.20291921928992,,764.265310603493,764.265310603493,-0.12328171900022833
2004-09-30,766.205178775841,,1.93986817234792,0.0025349972111752025,579.306494785501,8.65439275673788,,766.205178775841,766.205178775841,-0.12105924060290751
2004-10-29,769.008335015813,,2.80315623997205,0.0036518169361793354,582.193571061296,9.19589112144212,,769.008335015813,769.008335015813,-0.11784950985184284
2004-11-30,778.937552591486,,9.92921757567296,0.012829070884452053,590.767225829481,10.8039608754123,,778.937552591486,778.937552591486,-0.10653233868297796
2004-12-31,786.733691590211,,7.79613899872504,0.009958927792583597,597.172369069837,12.0053058552549,,786.733691590211,786.733691590211,-0.09763435875891324
2005-01-31,806.235652367995,,19.501960777784,0.024486265542946632,612.168801383828,14.818028069249,,806.235652367995,806.235652367995,-0.07553879405065278
2005-02-28,839.760789872319,,33.5251375043239,0.04074100488095419,639.593918665946,19.961867282849,,839.760789872319,839.760789872319,-0.037875315546817556
2005-03-31,835.076482091668,,-4.68430778065101,-0.005593761344406848,638.092978824262,19.6803518699708,,835.076482091668,835.076482091668,-0.04325721141521133
2005-04-29,826.937971028377,,-8.13851106329104,-0.009793628567379064,635.517621403996,19.1973193144077,,826.937971028377,826.937971028377,-0.05262719492112922
2005-05-31,863.183166656654,,36.2451956282769,0.04289722525268427,667.057180967893,25.1128609544148,,863.183166656654,863.183166656654,-0.011987530303393612
2005-06-30,890.55942204938,,27.376255392726,0.03122291670201116,690.56415075346,29.5218146785526,,890.55942204938,890.55942204938,0.01886110073849201
2005-07-29,901.833302800206,,11.2738807508259,0.012579865195010198,699.764807760776,31.2474846116389,,901.833302800206,901.833302800206,0.03167823603822195
2005-08-31,908.273037796634,,6.439734996428,0.007115341260632633,706.581287034974,32.5259795412549,,908.273037796634,908.273037796634,0.03901897875880134
2005-09-30,948.874800809611,,40.601763012977,0.0437318265956414,739.378987757297,38.677497412845,,948.874800809611,948.874800809611,0.08445717656746177
2005-10-31,921.958078799051,,-26.9167220105599,-0.028777107571304375,719.889000594791,35.0219666376155,,921.958078799051,921.958078799051,0.05324963574090691
2005-11-30,944.50577511792,,22.547696318869,0.024162046551015472,739.476341980582,38.6957571149346,,944.50577511792,944.50577511792,0.07869830246951892
2005-12-30,980.193363367199,,35.6875882492789,0.03708806036607804,768.070002705191,44.0587676640825,,980.193363367199,980.193363367199,0.11870513022829443
2006-01-31,1002.12623985748,,21.9328764902809,0.022129399830706758,785.427660993278,47.314360062834,,1002.12623985748,1002.12623985748,0.14346140334777924
2006-02-28,1010.27321245345,,8.14697259597005,0.00809681904371405,794.297522965664,48.9779862695496,,1010.27321245345,1010.27321245345,0.15271980341415747
2006-03-31,1037.86818151662,,27.59496906317,0.02694798226858187,819.811734128023,53.7634170311014,,1037.86818151662,1037.86818151662,0.18378327623720536
2006-04-28,1054.78180190468,,16.9136203880598,0.016165138777192053,835.478174332329,56.7018055393968,,1054.78180190468,1054.78180190468,0.2029192971796987
2006-05-31,1005.30156650894,,-49.4802353957398,-0.048046360019833846,801.633023156884,50.3538284636528,,1005.30156650894,1005.30156650894,0.14512340355259745
2006-06-30,1020.77807291937,,15.4765064104299,0.01527759040886068,814.511646376947,52.7693356228413,,1020.77807291937,1020.77807291937,0.1626181298796745
2006-07-31,1032.37318332291,,11.5951104035401,0.011295060353508996,824.396202177845,54.6232772200512,,1032.37318332291,1032.37318332291,0.17574997182474905
2006-08-31,1046.83717161929,,14.4639882963799,0.013913187365199624,839.123348483298,57.3854923052646,,1046.83717161929,1046.83717161929,0.19210840147737507
2006-09-29,1052.43106602631,,5.59389440701988,0.0053293881617334045,844.616289753998,58.4157452086734,,1052.43106602631,1052.43106602631,0.1984616098797114
2006-10-31,1090.64195153647,,38.2108855101601,0.035663680276400385,875.641786107367,64.23486944877,,1090.64195153647,1090.64195153647,0.24120316155800148
2006-11-30,1079.82347226019,,-10.8184792762799,-0.009968893078417227,870.965745684432,63.3578339982213,,1079.82347226019,1079.82347226019,0.22882973995183642
2006-12-29,1104.48295034254,,24.65947808235,0.022579731054245735,891.040827961393,67.1231048763812,,1104.48295034254,1104.48295034254,0.25657638499140756
2007-01-31,1117.84916437094,,13.3662140283997,0.012029142821712866,901.868135752628,69.1538684943216,,1117.84916437094,1117.84916437094,0.27169192179286106
2007-02-28,1095.75382575451,,-22.0953386164299,-0.019963898282462825,886.770542691444,66.3221726288045,,1095.75382575451,1095.75382575451,0.2463039936195588
2007-03-30,1137.30083204414,,41.5470062896299,0.0372152120449836,922.868232666424,73.0926345853974,,1137.30083204414,1137.30083204414,0.29268546101462056
2007-04-30,1167.29716724509,,29.9963352009499,0.02603319911127964,949.706208481243,78.1263498833053,,1167.29716724509,1167.29716724509,0.3263381990094705
2007-05-31,1200.71815921245,,33.4209919673601,0.02822888087968221,984.946525756447,84.7360035097675,,1200.71815921245,1200.71815921245,0.36377924203548107
2007-06-29,1225.41616983457,,24.6980106221199,0.02036067298359464,1007.27140824527,88.9232456208485,,1225.41616983457,1225.41616983457,0.39154670520437995
2007-07-31,1186.12359933858,,-39.2925704959898,-0.032590006339148894,975.781567850674,83.0170292796209,,1186.12359933858,1186.12359933858,0.3461961892605474
2007-08-31,1179.44322809061,,-6.68037124797001,-0.005648023914818773,973.689926432391,82.6247222189992,,1179.44322809061,1179.44322809061,0.338592840989566
2007-09-28,1203.49093233638,,24.0477042457698,0.020183957277030217,994.945538268846,86.6114125419138,,1203.49093233638,1203.49093233638,0.3656109417034379
2007-10-31,1226.20072222091,,22.7097898845299,0.0186941015357749,1015.98762767296,90.558054720306,,1226.20072222091,1226.20072222091,0.39113981130600717
2007-11-30,1189.78586750544,,-36.41485471547,-0.030147197678430545,988.371249699319,85.3783427614792,,1189.78586750544,1189.78586750544,0.34920084441623045
2007-12-31,1171.61084389381,,-18.1750236116299,-0.015393756102318487,973.949140043875,82.6733401747853,,1171.61084389381,1171.61084389381,0.32843157568424486
2008-01-31,1048.12342021905,,-123.487423674759,-0.11137824520724064,871.366234978723,63.432949539767,,1048.12342021905,1048.12342021905,0.18047319790664407
2008-02-29,1059.87562595321,,11.7522057341598,0.011150220883990916,884.975958929445,65.9855815312314,,1059.87562595321,1059.87562595321,0.19363573481093432
2008-03-31,995.741771399054,,-64.1338545541559,-0.06241888790968868,833.701010191056,56.3684816558616,,995.741771399054,995.741771399054,0.11913031967477172
2008-04-30,1074.74824824998,,79.0064768509259,0.07635376715526518,904.138586038434,69.579712843227,,1074.74824824998,1074.74824824998,0.20458013551961685
2008-05-30,1094.75571876376,,20.0074705137799,0.018444804014709312,928.84456150324,74.2135513825054,,1094.75571876376,1094.75571876376,0.22679838003928832
2008-06-30,1021.88475665309,,-72.8709621106699,-0.06888252764070865,867.991795531627,62.8000416191431,,1021.88475665309,1021.88475665309,0.14229340671665547
2008-07-31,990.907746972663,,-30.977009680427,-0.030782562683286194,842.735931267412,58.0630662531222,,990.907746972663,990.907746972663,0.10713068832169559
2008-08-29,999.833647399129,,8.925900426466,0.008967473391312656,853.713025957459,60.1219238155976,,999.833647399129,999.833647399129,0.11705885330992616
2008-09-30,879.84494498983,,-119.988702409298,-0.12784321947092395,753.281226024701,41.284993221197,,879.84494498983,879.84494498983,-0.02574954683571329
2008-10-31,824.550508767729,,-55.294436222101,-0.06490729307290954,706.636762510721,32.5363844895585,,824.550508767729,824.550508767729,-0.08898550652566262
2008-11-28,776.02166254581,,-48.5288462219189,-0.060657964553902696,668.933846315429,25.4648472269313,,776.02166254581,776.02166254581,-0.14424579137892057
2008-12-31,735.299886867392,,-40.721775678418,-0.05390201010235248,634.334434349626,18.9754014314435,,735.299886867392,735.299886867392,-0.19037266337714465
2009-01-30,734.599158155538,,-0.700728711854026,-0.0009534379484215929,633.76678032423,18.8689325691392,,734.599158155538,734.599158155538,-0.19114459280396046
2009-02-27,677.170893701495,,-57.428264454043,-0.08140131841742854,587.404030792923,10.1731619499575,,677.170893701495,677.170893701495,-0.2569864893587841
2009-03-31,684.442788927278,,7.27189522578305,0.010681391436141363,596.214196469585,11.8255915538037,,684.442788927278,684.442788927278,-0.24905007120928357
2009-04-30,732.647028795301,,48.204239868023,0.06805898224078397,644.232119321481,20.8318055284019,,732.647028795301,732.647028795301,-0.19794118334199817
2009-05-29,761.901747878447,,29.254719083146,0.03915356492700852,677.694847403101,27.108055548762,,761.901747878447,761.901747878447,-0.1665377213886995
2009-06-30,762.189508469066,,0.287760590618972,0.00037761596340096104,678.645803508728,27.2864163286346,,762.189508469066,762.189508469066,-0.16622299272740326
2009-07-31,813.143368772441,,50.9538603033749,0.06471221580981894,724.825072015298,35.9477733524145,,813.143368772441,813.143368772441,-0.11226743509551396
2009-08-31,826.109782093728,,12.9664133212869,0.01582023343891291,739.002729087044,38.6069265531985,,826.109782093728,826.109782093728,-0.0982232986874002
2009-09-30,838.022757484699,,11.912975390971,0.014317584223057636,751.089114205036,40.8738419899152,,838.022757484699,838.022757484699,-0.08531203481596594
2009-10-30,844.580477821528,,6.55772033682899,0.007794771105004304,757.381306528086,42.054001960714,,844.580477821528,844.580477821528,-0.07818225149485414
2009-11-30,854.261820801222,,9.68134297969402,0.011397700415117614,770.224260208735,44.4628189616187,,854.261820801222,854.261820801222,-0.06767564896005429
2009-12-31,920.340632555541,,66.0788117543189,0.07450612575775739,830.037478606357,55.6813517802886,,920.340632555541,920.340632555541,0.0017882263855475422
2010-01-29,914.494068904416,,-5.84656365112493,-0.006372872100042542,825.06652119552,54.7490018692211,,914.494068904416,914.494068904416,-0.004596041852536037
2010-02-26,917.515147987915,,3.02107908349898,0.0032981076668479694,830.915813212915,55.8460917135913,,917.515147987915,917.515147987915,-0.0013130924265590815
2010-03-31,963.436536616059,,45.9213886281439,0.04883752827455327,877.898603490647,64.6581568183237,,963.436536616059,963.436536616059,0.04746030765948506
2010-04-30,940.184062195032,,-23.252474421027,-0.024430951194174266,862.15793985361,61.7058470057027,,940.184062195032,940.184062195032,0.02186985600522151
2010-05-28,940.184062195032,,-940.184062195032,0.0,,,,,,0.02186985600522151
2010-06-30,905.627292572277,,905.627292572277,-0.03744782238886904,838.536027766686,57.2753347696745,,905.627292572277,905.627292572277,-0.016396944867001162
2010-07-30,921.542891819681,,15.9155992474039,0.01742147712762389,854.79002035298,60.3239242645846,,921.542891819681,921.542891819681,0.0007388732606594672
2010-08-31,931.010574967005,,9.46768314732401,0.01022131425100314,865.477601566692,62.3284808460608,,931.010574967005,931.010574967005,0.010967739767451468
2010-09-30,953.597566114527,,22.5869911475219,0.02397110806389692,887.651803733888,66.4874614427378,,953.597566114527,953.597566114527,0.035201756706530585
2010-10-29,967.855114544528,,14.2575484300009,0.014840657021800147,902.155710449314,69.2078058389257,,967.855114544528,967.855114544528,0.05056483092617703
2010-11-30,967.026401806701,,-0.828712737827004,-0.0008566031371919745,904.607078747302,69.6675830660731,,967.026401806701,967.026401806701,0.04966491379618221
2010-12-31,1005.67257774351,,38.646175936809,0.03918603036351032,941.10745025136,76.5135717385067,,1005.67257774351,1005.67257774351,0.09079711497971088
2011-01-31,993.920795580106,,-11.751782163404,-0.011754307276390489,930.804491453862,74.5811547160559,,993.920795580106,993.920795580106,0.07797555051403915
2011-02-28,1016.55180726326,,22.631011683154,0.022514077121889433,956.885589588705,79.4729104719093,,1016.55180726326,1016.55180726326,0.10224517519382337
2011-03-31,987.505978759205,,-29.0458285040549,-0.028989046892009027,932.810868126688,74.9574695700917,,987.505978759205,987.505978759205,0.07029213812363899
2011-04-29,1016.6745349866,,29.1685562273949,0.029109769037830822,968.585580464478,81.6673540269349,,1016.6745349866,1016.6745349866,0.10144809506742414
2011-05-31,1034.92848287674,,18.25394789014,0.017795284407748767,994.028724232001,86.4394554288123,,1034.92848287674,1034.92848287674,0.12104867717952206
2011-06-30,1005.31011030092,,-29.6183725758199,-0.029036264282600605,966.317247657001,81.2419068310462,,1005.31011030092,1005.31011030092,0.08849761151527757
2011-07-29,1006.3450220413,,1.03491174038003,0.0010289157570237783,968.231509419389,81.6009446654947,,1006.3450220413,1006.3450220413,0.08961758385924834
2011-08-31,940.762738714117,,-65.582283327183,-0.06738928571526147,908.29204155833,70.3587325701222,,940.762738714117,940.762738714117,0.01618903318018461
2011-09-30,912.52757887225,,-28.2351598418669,-0.030472661979819484,883.101207380832,65.6339542097394,,912.52757887225,912.52757887225,-0.014776951735514743
2011-10-31,970.011132869444,,57.483553997194,0.06108924019498784,939.441571738796,76.2011205234446,,970.011132869444,970.011132869444,0.045409575705552596
2011-11-30,975.663212838475,,5.65207996903097,0.005809909433552123,948.442279807303,77.8892881486434,,975.663212838475,975.663212838475,0.05148331066137013
2011-12-30,1004.11167671812,,28.4484638796449,0.0287410678067215,977.144350746653,83.2726320552754,,1004.11167671812,1004.11167671812,0.08170406379072448
2012-01-31,1020.4174210426,,16.30574432448,0.01610853302341493,993.733406991666,86.3840658971775,,1020.4174210426,1020.4174210426,0.09912872942385964
2012-02-29,1047.2254675842,,26.8080465415999,0.025932475114336915,1026.79451130055,92.5849875938677,,1047.2254675842,1047.2254675842,0.12763185784709652
2012-03-30,1045.88217660395,,-1.34329098025,-0.0012835375843177847,1031.54238779584,93.4754965768038,,1045.88217660395,1045.88217660395,0.1261844999762758
2012-04-30,1047.44250686736,,1.56033026340992,0.0014907678342513289,1039.76631416498,95.0179714735265,,1047.44250686736,1047.44250686736,0.12786337960427274
2012-05-31,1000.0,,-47.4425068673599,-0.04635148526238192,1000,87.5594244752412,,1000,1000,0.07558523678656504
2012-06-29,1036.35299604655,,36.35299604655,0.035707815576746384,1037.66969518591,94.6247308244682,,1036.35299604655,1036.35299604655,0.1139920360588107
2012-07-31,1098.10966630582,,61.7566702592698,0.057882400761545064,1100.24214225499,106.360782984752,,1098.10966630582,1098.10966630582,0.17847256953513635
2012-08-31,1098.90442622257,,0.794759916750081,0.0007234909909047032,1104.86557785071,107.227951904183,,1098.90442622257,1098.90442622257,0.17932518382222318
2012-09-28,1104.23259466884,,5.32816844626995,0.0048369019118873115,1112.58493979878,108.67579098848,,1104.23259466884,1104.23259466884,0.18502946405858967
2012-10-31,1098.85161255767,,-5.38098211116994,-0.004884963356359077,1108.23283422792,107.859512572354,,1098.85161255767,1098.85161255767,0.17924063855045747
2012-11-30,1125.00874858454,,26.1571360268699,0.023525166261013263,1136.05530097862,113.077878423596,,1125.00874858454,1125.00874858454,0.20698247063410036
2012-12-31,1132.28803634623,,7.27928776169005,0.0064495843376873715,1144.13245111737,114.59282405502,,1132.28803634623,1132.28803634623,0.21476700587256525
2013-01-31,1151.7577762553,,19.46973990907,0.017048880014496424,1164.80579873365,118.470305235907,,1151.7577762553,1151.7577762553,0.2354774228012555
2013-02-28,1177.74128321003,,25.9835069547298,0.022309160850058095,1197.15679065357,124.53803866161,,1177.74128321003,1177.74128321003,0.2630398873531439
2013-03-28,1217.84689665176,,40.1056134417301,0.0334860234244231,1245.4077266793,133.587956452988,,1217.84689665176,1217.84689665176,0.305334070607032
2013-04-30,1214.16881387093,,-3.67808278082998,-0.003024721895610694,1250.01590491537,134.452263710824,,1214.16881387093,1214.16881387093,0.30138579806258026
2013-05-31,1208.63871108014,,-5.53010279079012,-0.004565044757052927,1249.2674693674,134.31188757019,,1208.63871108014,1208.63871108014,0.29544491364823156
2013-06-28,1159.06693104353,,-49.5717800366098,-0.04187938247048875,1200.15847368958,125.101032604301,,1159.06693104353,1159.06693104353,0.241192480640108
2013-07-31,1196.38671426688,,37.3197832233499,0.03169063130420529,1239.25967228147,132.434830908488,,1196.38671426688,1196.38671426688,0.2805266539216258
2013-08-30,1190.57463674948,,-5.81207751739998,-0.004869864358146646,1238.00914672389,132.200283054617,,1190.57463674948,1190.57463674948,0.2742906628100361
2013-09-30,1228.24903789271,,37.6744011432299,0.031153530155482955,1278.81379511941,139.853579423595,,1228.24903789271,1228.24903789271,0.31398931540073916
2013-10-31,1254.4261922116,,26.1771543188899,0.021088641915951913,1307.09570601243,145.15811835375,,1254.4261922116,1254.4261922116,0.34169956555461223
2013-11-29,1262.37982580258,,7.95363359097996,0.006320439486913343,1317.37872457811,147.086795397797,,1262.37982580258,1262.37982580258,0.35017969646831815
2013-12-31,1273.47167756803,,11.0918517654499,0.008748085199761927,1330.26326021592,149.503411486655,,1273.47167756803,1273.47167756803,0.3619911834880116
2014-01-31,1245.70632271635,,-27.7653548516798,-0.022044078823131273,1302.29097426428,144.256945632309,,1245.70632271635,1245.70632271635,0.331967342482792
2014-02-28,1307.70459461727,,61.9982719009199,0.04857068590404553,1373.57163681635,157.626305676789,,1307.70459461727,1307.70459461727,0.3966619099089701
2014-03-31,1293.88528666805,,-13.81930794922,-0.010623840464534037,1366.2406956043,156.251318562195,,1293.88528666805,1293.88528666805,0.3818239965952057
2014-04-30,1315.17528913072,,21.2900024626701,0.016320414495489575,1398.60232764349,162.321047642545,,1315.17528913072,1315.17528913072,0.4043759369794535
2014-05-30,1341.22291822993,,26.0476290992098,0.01961186685276031,1432.55784404463,168.689724756503,,1341.22291822993,1341.22291822993,0.4319183708667149
2014-06-30,1353.40808971141,,12.1851714814799,0.009044098804893944,1446.36592044519,171.279559619302,,1353.40808971141,1353.40808971141,0.4448687820933761
2014-07-31,1339.10035484089,,-14.3077348705198,-0.01062791061898539,1431.94823013663,168.575385922766,,1339.10035484089,1339.10035484089,0.4295128458211255
2014-08-29,1364.46130258161,,25.3609477407198,0.018761689114748285,1464.55568609021,174.691221595021,,1364.46130258161,1364.46130258161,0.4563329214199603
2014-09-30,1371.43596669508,,6.97466411346999,0.005098641167061926,1473.59802820383,176.38719807776,,1371.43596669508,1371.43596669508,0.4637582404060596
2014-10-31,1360.50258598114,,-10.9333807139398,-0.008004161788497404,1462.98773621942,174.39713781965,,1360.50258598114,1360.50258598114,0.4520420826306033
2014-11-28,1412.10142654037,,51.5988405592299,0.037224788321455676,1521.20898152992,185.317081082319,,1412.10142654037,1412.10142654037,0.506094041790373
2014-12-31,1401.91780716028,,-10.18361938009,-0.007237806845492196,1510.8201184597,183.368551903917,,1401.91780716028,1401.91780716028,0.49519322402474764
2015-01-30,1531.04799544713,,129.130188286849,0.08811130379463135,1651.42195101825,209.739750698762,,1531.04799544713,1531.04799544713,0.6269366484184664
2015-02-27,1620.70621658754,,89.6582211404099,0.056909525149012145,1752.34113981459,228.668095667912,,1620.70621658754,1620.70621658754,0.7195248405274868
2015-03-31,1632.73086099264,,12.0246444050999,0.0073919973690325085,1776.40680294122,233.181837593558,,1632.73086099264,1632.73086099264,0.7322355636246518
2015-04-30,1622.84574118255,,-9.88511981008991,-0.006072749252664326,1775.99227535663,233.104089038363,,1622.84574118255,1622.84574118255,0.7217161314002116
2015-05-29,1650.3548884033,,27.50914722075,0.016809110132810258,1813.58918878186,240.155744482445,,1650.3548884033,1650.3548884033,0.7506566474703538
2015-06-30,1564.81277335255,,-85.54211505075,-0.05322416547115676,1721.36760104186,222.858716561737,,1564.81277335255,1564.81277335255,0.6574794083822111
2015-07-31,1647.13509709101,,82.32232373846,0.051271290799976096,1812.94504457773,240.034929166239,,1647.13509709101,1647.13509709101,0.7424605171243479
2015-08-31,1508.49770999394,,-138.63738709707,-0.08792321244736799,1665.74020643675,212.425274444546,,1508.49770999394,1508.49770999394,0.5892577908960732
2015-09-30,1485.07364511083,,-23.4240648831098,-0.01564989785529395,1640.74321946337,207.736853954204,,1485.07364511083,1485.07364511083,0.5643860688028197
2015-10-30,1598.35770881555,,113.284063704719,0.07351230642117829,1768.70388747488,231.73708320191,,1598.35770881555,1598.35770881555,0.679387696853675
2015-11-30,1647.97626779212,,49.61855897657,0.030571360658621403,1824.76470740384,242.251818323396,,1647.97626779212,1647.97626779212,0.7307288638198401
2015-12-31,1576.34789495585,,-71.62837283627,-0.04443731816667304,1745.93364992008,227.466310550967,,1576.34789495585,1576.34789495585,0.6538199146380332
2016-01-29,1503.70147277137,,-72.6464221844801,-0.04718099562803317,1666.30175144972,212.530597503995,,1503.70147277137,1503.70147277137,0.575791044475942
2016-02-29,1477.18519266202,,-26.5162801093499,-0.01779133695354698,1641.48349016616,207.875698701175,,1477.18519266202,1477.18519266202,0.5477556150352889
2016-03-31,1485.15403274858,,7.96884008656002,0.005380112608378682,1659.33546369611,211.224004582199,,1485.15403274858,1485.15403274858,0.5560827145344294
2016-04-29,1487.5515415545,,2.39750880592009,0.001613014989757645,1673.88418550402,213.952754471341,,1487.5515415545,1487.5515415545,0.5585926992782764
2016-05-31,1531.20086030919,,43.6493187546898,0.028920795947418327,1732.852510112,225.012819497083,,1531.20086030919,1531.20086030919,0.6036684406992392
2016-06-30,1493.51443172759,,-37.6864285816,-0.0249202819171392,1691.95304222623,217.341738839085,,1493.51443172759,1493.51443172759,0.563704571055395
2016-07-29,1548.49135213471,,54.9769204071201,0.0361491140909005,1755.87923499299,229.331698763312,,1548.49135213471,1548.49135213471,0.6202311059989389
2016-08-31,1527.73261166487,,-20.7587404698399,-0.013496452677619798,1738.88010008345,226.143350803101,,1527.73261166487,1527.73261166487,0.5983637335500167
2016-09-30,1519.42305462473,,-8.30955704014013,-0.0054539895877763174,1729.91968722419,224.462740924158,,1519.42305462473,1519.42305462473,0.5896462743897557
2016-10-31,1448.64048677501,,-70.7825678497199,-0.04770517219020998,1652.04709803848,209.857002914089,,1448.64048677501,1448.64048677501,0.5138119251484665
2016-11-30,1453.25445809032,,4.61397131530998,0.003179973976386185,1658.87897637202,211.138386082413,,1453.25445809032,1453.25445809032,0.5186258076755819
2016-12-30,1521.65634471017,,68.40188661985,0.04599394676896085,1737.9057429381,225.960600937686,,1521.65634471017,1521.65634471017,0.5884734022357825
2017-01-31,1520.02952271105,,-1.62682199912001,-0.0010696845270351302,1736.56690653061,225.709489551631,,1520.02952271105,1520.02952271105,0.586774236815804
2017-02-28,1589.41009980098,,69.38057708993,0.0446331834719738,1820.86003179233,241.519459612938,,1589.41009980098,1589.41009980098,0.6575970224562049
2017-03-31,1631.26094599815,,41.8508461971698,0.025990361279034865,1877.17395745869,252.081667100862,,1631.26094599815,1631.26094599815,0.7006785679248941
2017-04-28,1655.87181578417,,24.6108697860199,0.014974344782850837,1918.88536284664,259.90503428948,,1655.87181578417,1655.87181578417,0.7261451151658063
2017-05-31,1686.79529988067,,30.9234840965,0.01850280943500059,1965.38667712014,268.62679403196,,1686.79529988067,1686.79529988067,0.7580836492888763
2017-06-30,1627.99621720424,,-58.7990826764298,-0.03548051248161162,1900.16439532925,256.393740396298,,1627.99621720424,1627.99621720424,0.6957059404265649
2017-07-31,1583.51235472011,,-44.4838624841302,-0.027704554867067084,1848.78629667242,246.757293781591,,1583.51235472011,1583.51235472011,0.6487271621616055
2017-08-31,1580.26102648393,,-3.25132823617991,-0.0020553490968019564,1852.22676853103,247.402586703315,,1580.26102648393,1580.26102648393,0.6453384522779839
2017-09-29,1636.11514546003,,55.8541189760999,0.034734577985207675,1918.24838666202,259.785563402888,,1636.11514546003,1636.11514546003,0.7024885890606944
2017-10-31,1668.95156604414,,32.8364205841101,0.019871006498376927,1959.01459328175,267.431649654523,,1668.95156604414,1668.95156604414,0.7363187508773321
2017-11-30,1628.41202184882,,-40.5395441953201,-0.024590304279198026,1913.87840782787,258.965932687786,,1628.41202184882,1628.41202184882,0.6936221444675814
2017-12-29,1640.1049407516,,11.69291890278,0.007154907818568832,1928.90328648932,261.783990282338,,1640.1049407516,1640.1049407516,0.7057398547907339
2018-01-31,1637.99792705138,,-2.10701370022002,-0.0012855081584373198,1927.37822604374,261.497950822875,,1637.99792705138,1637.99792705138,0.7035471122912287
2018-02-28,1563.44482033572,,-74.55310671566,-0.04658311499871583,1844.55654929856,245.963964798474,,1563.44482033572,1563.44482033572,0.6241905812536361
2018-03-29,1542.89397921564,,-20.5508411200798,-0.013231744687571143,1828.46605533381,242.946041010923,,1542.89397921564,1542.89397921564,0.6026997061585302
2018-04-30,1592.60673890542,,49.7127596897798,0.03171227201091121,1902.74313585639,256.87740748544,,1592.60673890542,1592.60673890542,0.6535249551920372
2018-05-31,1627.15705198724,,34.5503130818201,0.02146221993238112,1955.69876590981,266.809734980983,,1627.15705198724,1627.15705198724,0.6890132714440493
2018-06-29,1614.0296177589,,-13.12743422834,-0.008100431939140021,1942.69158294608,264.370115230262,,1614.0296177589,1614.0296177589,0.6753315343944126
2018-07-31,1665.68449958206,,51.6548818231599,0.031502229598043205,2005.60470154863,276.170063547298,,1665.68449958206,1665.68449958206,0.7281082130437473
2018-08-31,1663.46323059142,,-2.22126899064005,-0.0013344372195500506,2010.1044782035,277.014039066953,,1663.46323059142,1663.46323059142,0.7258021611248515
2018-09-28,1654.57462619471,,-8.88860439670998,-0.005357760244503285,1999.86968523927,275.094407188959,,1654.57462619471,1654.57462619471,0.7165557269160989
2018-10-31,1565.04731648873,,-89.5273097059798,-0.05562789463235876,1893.62632031431,255.16746280932,,1565.04731648873,1565.04731648873,0.6210673458086382
2018-11-30,1558.47637171831,,-6.57094477042005,-0.004207398515065149,1888.01644338795,254.115277521635,,1558.47637171831,1558.47637171831,0.6142468694650625
2018-12-31,1483.15181714152,,-75.3245545767899,-0.04953922964233825,1798.09970796304,237.250546374647,,1483.15181714152,1483.15181714152,0.5342783230992072
2019-01-31,1568.3897222765,,85.2379051349798,0.0558800088598807,1902.49551315722,256.830963514496,,1568.3897222765,1568.3897222765,0.6200138093875138
2019-02-28,1645.42430995086,,77.0345876743601,0.04794885172094613,2002.90190285319,275.663128179509,,1645.42430995086,1645.42430995086,0.6976916113197207
2019-03-29,1703.96203114072,,58.5377211898598,0.03495785582786055,2084.58659443433,290.983861920906,,1703.96203114072,1703.96203114072,0.7570392699084036
2019-04-30,1750.77640180167,,46.81437066095,0.02710320175615864,2154.99671363036,304.189943354546,,1750.77640180167,1750.77640180167,0.8046606597342245
2019-05-31,1678.55377210476,,-72.2226296969101,-0.04212677498718593,2078.79962620434,289.898461490232,,1678.55377210476,1678.55377210476,0.7286361261933743
2019-06-28,1763.31532177634,,84.76154967158,0.049263169922929215,2185.96613569037,309.998550332452,,1763.31532177634,1763.31532177634,0.8137942214129523
2019-07-31,1773.56474580347,,10.24942402713,0.005795759269088542,2199.25791276577,312.491548390968,,1773.56474580347,1773.56474580347,0.8243065360839257
2019-08-30,1775.44894888852,,1.88420308504987,0.0010618179720735944,2210.35230623906,314.57240644572,,1775.44894888852,1775.44894888852,0.826243617550511
2019-09-30,1813.64736024939,,38.19841136087,0.021286613917000048,2258.56754073849,323.615628079372,,1813.64736024939,1813.64736024939,0.8651181603556941
2019-10-31,1845.5073644587,,31.86000420931,0.017414300160527255,2301.73818760864,331.712689760561,,1845.5073644587,1845.5073644587,0.8975978878349788
2019-11-29,1902.7815942297,,57.2742297709999,0.030562578561565423,2375.12133383426,345.476390432821,,1902.7815942297,1902.7815942297,0.9555933723601961
2019-12-31,1946.18225104047,,43.4006568107699,0.02255282102509927,2430.88344534923,355.935099976093,,1946.18225104047,1946.18225104047,0.999697519684906
2020-01-31,1953.34990519389,,7.16765415342001,0.0036761652107655573,2440.90881796731,357.81545309449,,1953.34990519389,1953.34990519389,1.0070487381388258
2020-02-28,1795.4904190685,,-157.85948612539,-0.0842676001826391,2249.44512934905,321.904633849342,,1795.4904190685,1795.4904190685,0.8379195575262728
2020-03-31,1630.42620001494,,-165.06421905356,-0.09643674554731772,2055.50227640384,285.528823969852,,1630.42620001494,1630.42620001494,0.6606765768206728
2020-04-30,1735.50458454542,,105.078384530479,0.062456744901706066,2197.54837102481,312.170907725917,,1735.50458454542,1735.50458454542,0.7643970301434002
2020-05-29,1792.44087819098,,56.93629364556,0.03228011212534715,2272.3688087428,326.204185963289,,1792.44087819098,1792.44087819098,0.8213519641100586
2020-06-30,1813.91980436141,,21.4789261704299,0.011911831363534282,2301.11924771696,331.596601750693,,1813.91980436141,1813.91980436141,0.8430476015601795
2020-07-31,1794.80820651645,,-19.1115978449599,-0.010591973938955898,2278.81185272407,327.412639584284,,1794.80820651645,1794.80820651645,0.8235260893961989
2020-08-31,1849.22347195209,,54.41526543564,0.029867638587770463,2356.1479820646,341.917759494537,,1849.22347195209,1849.22347195209,0.877990507589655
2020-09-30,1872.411654409,,23.18818245691,0.012461448658333013,2386.90610066515,347.686734517197,,1872.411654409,1872.411654409,0.9013929898808202
2020-10-30,1781.38725211516,,-91.02440229384,-0.049834838854891074,2273.44401806919,326.405851605737,,1781.38725211516,1781.38725211516,0.8066373766302901
2020-11-30,1956.65955895299,,175.27230683783,0.09384629671757388,2500.59917848283,369.0109427595,,1956.65955895299,1956.65955895299,0.9761836039385956
2020-12-31,2015.87879932033,,59.21924036734,0.02981651641418106,2577.38448947503,383.41275149735,,2015.87879932033,2015.87879932033,1.035106514802866
2021-01-29,1993.04369578067,,-22.8351035396599,-0.011392263400278116,2548.59862308788,378.013690964754,,1993.04369578067,1993.04369578067,1.01192204533861
2021-02-26,1992.17268302119,,-0.871012759479981,-0.0004371219479987007,2550.86542952362,378.438851875239,,1992.17268302119,1992.17268302119,1.01104259005493
2021-03-31,2107.31159762435,,115.138914603159,0.05618716708392445,2717.83806883876,409.756144008298,,2107.31159762435,2107.31159762435,1.1240373760752345
2021-04-30,2182.31459179326,,75.0029941689103,0.03497304215635084,2826.82164017893,430.197039926117,,2182.31459179326,2182.31459179326,1.1983214247703784
2021-05-28,2240.3926066928,,58.0780148995399,0.026265068444687532,2914.1485148848,446.576018287172,,2240.3926066928,2240.3926066928,1.2560604874553953
2021-06-30,2309.25846546742,,68.8658587746199,0.030275341024790913,3004.93852155202,463.604539685779,,2309.25846546742,2309.25846546742,1.3243634880856634
2021-07-30,2391.68726936268,,82.4288038952599,0.03507262492954332,3112.66383628287,483.809437718111,,2391.68726936268,2391.68726936268,1.4058850169032167
2021-08-31,2439.59842063505,,47.9111512723698,0.019834356744965732,3186.96129048329,497.744625467918,,2439.59842063505,2439.59842063505,1.4536041986158428
2021-09-30,2309.6995873502,,-129.898833284849,-0.054715976742627424,3018.70134245153,466.185886452847,,2309.6995873502,2309.6995873502,1.3193528483487653
2021-10-29,2438.59637883248,,128.896791482279,0.054305151895381425,3189.40794444636,498.203518477121,,2438.59637883248,2438.59637883248,1.4453056570773306
2021-11-30,2402.39835643828,,-36.1980223941996,-0.014955065652363061,3146.03883028287,490.069232384616,,2402.39835643828,2402.39835643828,1.4087359504356445
2021-12-31,2527.33489708312,,124.936540644839,0.05069779360742019,3310.21911236923,520.862791602916,,2527.33489708312,2527.33489708312,1.530853548505604
2022-01-31,2329.03136439251,,-198.303532690609,-0.08171288945694609,3051.00032736827,472.243865474965,,2329.03136439251,2329.03136439251,1.324050192264846
2022-02-28,2286.8414191237,,-42.1899452688103,-0.0182808851970259,2999.94305157526,462.667592211954,,2286.8414191237,2286.8414191237,1.2815644975079263
2022-03-31,2304.66666294062,,17.8252438169201,0.007764478707635465,3048.29260935605,471.736007442952,,2304.66666294062,2304.66666294062,1.2992796564689235
2022-04-29,2272.38657523912,,-32.2800877015001,-0.014105417276701821,3021.80393919135,466.767807711746,,2272.38657523912,2272.38657523912,1.2668473574785977
2022-05-31,2176.55402667256,,-95.8325485665595,-0.043087729505416394,2908.63989488198,445.54282468979,,2176.55402667256,2176.55402667256,1.1691740517094917
2022-06-30,2034.55608493762,,-141.99794173494,-0.06746524941370804,2720.89747379657,410.329964241422,,2034.55608493762,2034.55608493762,1.0228301832891673
2022-07-29,2263.56675790593,,229.01067296831,0.1066641256612896,3027.43081844926,467.823181946951,,2263.56675790593,2263.56675790593,1.2385935961509729
2022-08-31,2094.90602411377,,-168.66073379216,-0.07743308553699173,2813.57554560636,427.712610051541,,2094.90602411377,2094.90602411377,1.0652523867376527
2022-09-30,1985.05471756645,,-109.851306547319,-0.05386221585916318,2667.42745509463,400.301158307006,,1985.05471756645,1985.05471756645,0.9540133168795373
2022-10-31,2071.57063631619,,86.5159187497397,0.042660601784809106,2785.87093967957,422.516350108599,,2071.57063631619,2071.57063631619,1.0373727008731493
2022-11-30,2220.78708966584,,149.21645334965,0.0695545968738206,2989.87544004483,460.779316787466,,2220.78708966584,2220.78708966584,1.1790813377641083
2022-12-30,2118.49854728013,,-102.28854238571,-0.04715407258868784,2853.78708103332,435.254662493488,,2118.49854728013,2118.49854728013,1.0763287781865243
2023-01-31,2247.02447534632,,128.525928066189,0.058899280245007235,3028.40500208472,468.005899268951,,2247.02447534632,2247.02447534632,1.198623048773706
2023-02-28,2247.27638854945,,0.251913203130243,0.00011210339984931916,3031.30260810754,468.549372586947,,2247.27638854945,2247.27638854945,1.1988695218924605
2023-03-31,2309.99067883049,,62.7142902810401,0.027524500388554994,3140.14670947686,488.964109597302,,2309.99067883049,2309.99067883049,1.2593923069021713
2023-04-28,2337.03147852954,,27.0407996990497,0.011638035710571103,3196.69989925346,499.57119332404,,2337.03147852954,2337.03147852954,1.2856871952540887
2023-05-31,2278.28604264891,,-58.7454358806298,-0.02545810050671935,3132.38076728508,487.507533949304,,2278.28604264891,2278.28604264891,1.2274979409103888
2023-06-30,2322.72793796967,,44.44189532076,0.019318905665933868,3196.04429175747,499.448227959411,,2322.72793796967,2322.72793796967,1.2705307635018985
2023-07-31,2363.73040534242,,41.0024673727498,0.017498721050243186,3252.74422875661,510.082835510752,,2363.73040534242,2363.73040534242,1.3102621479684138
2023-08-31,2273.87230567095,,-89.8580996714699,-0.03875681161413712,3142.75800921811,489.453883473903,,2273.87230567095,2273.87230567095,1.22072375312033
2023-09-29,2221.49049359852,,-52.3818120724299,-0.02330587557989605,3071.67962390571,476.12246243208,,2221.49049359852,2221.49049359852,1.1689678416327878
2023-10-31,2145.38055845853,,-76.1099351399902,-0.03486141093892887,2968.34008194798,456.740157416953,,2145.38055845853,2145.38055845853,1.0933545623923053
2023-11-30,2287.86940968275,,142.48885122422,0.06430404252672252,3169.7027947557,494.507631941942,,2287.86940968275,2287.86940968275,1.2279657231958887
2023-12-29,2390.93417286742,,103.06476318467,0.044063161182201535,3314.0462588421,521.58060899275,,2390.93417286742,2390.93417286742,1.3261369359654895
2024-01-31,2438.74518746494,,47.8110145975201,0.019799482708622917,3380.85402224183,534.111034646481,,2438.74518746494,2438.74518746494,1.3721932440070277
2024-02-29,2494.40708220452,,55.66189473958,0.022567418967194743,3465.08086813912,549.908573388342,,2494.40708220452,2494.40708220452,1.425727522815683
2024-03-28,2520.41879445466,,26.0117122501401,0.01037401743219514,3525.67751140422,561.274044924276,,2520.41879445466,2520.41879445466,1.4508920624231285
2024-04-30,2478.53654582596,,-41.8822486287003,-0.01675679248289027,3487.10016011623,554.038499118921,,2478.53654582596,2478.53654582596,1.409822972735141
2024-05-31,2549.41462440324,,70.8780785772801,0.028195490251709605,3602.70803738051,575.721846043414,,2549.41462440324,2549.41462440324,1.4777691128712407
2024-06-28,2566.89079531714,,17.4761709139002,0.006831585469875774,3628.63903545831,580.585449118955,,2566.89079531714,2566.89079531714,1.4946962043404386
2024-07-31,2557.44300934285,,-9.44778597429012,-0.0036874243714968458,3615.95411390128,578.206272532204,,2557.44300934285,2557.44300934285,1.4854972007570728
2024-08-30,2626.16666650295,,68.7236571601001,0.0265173068310658,3721.98762332027,598.09385653392,,2626.16666650295,2626.16666650295,1.551405892657303
2024-09-30,2576.78157328942,,-49.3850932135301,-0.01898407368557722,3654.06545060734,585.354412910775,,2576.78157328942,2576.78157328942,1.5029698151892812
2024-10-31,2444.60203121799,,-132.17954207143,-0.05265882674331699,3469.96820011137,550.825238560277,,2444.60203121799,2444.60203121799,1.3711663613474765
2024-11-29,2452.45963511254,,7.85760389455026,0.00320911239160861,3483.86768304867,553.4322175805,,2452.45963511254,2452.45963511254,1.3787757007002424
2024-12-31,2422.74277318607,,-29.7168619264703,-0.012191177921246002,3443.20315044888,545.805201249529,,2422.74277318607,2422.74277318607,1.3497756228982691
